placeid,grade
760,0.9
761,0.4
843,0.3
854,0.2
858,0.234
871,0.452
876,0.6452
885,0.6534
950,0.653
1178,0.542
1417,0.123
1480,0.542
1947,0.432
2091,0.67
2188,0.332
2210,0.87
2593,0.432
2642,0.42
2759,0.426
2766,0.6543